{"cameraMode":{"drawMode":0,"name":"Shaded","section":"Shading Mode"},"sceneLighting":true,"audioPlay":false,"sceneViewState":{"m_AlwaysRefresh":false,"showFog":true,"showSkybox":true,"showFlares":true,"showImageEffects":true,"showParticleSystems":true,"showVisualEffectGraphs":true,"m_FxEnabled":true},"in2DMode":false,"pivot":{"x":-0.46057939529418948,"y":1.2613818645477296,"z":-4.951828956604004},"rotation":{"x":0.0013897112803533674,"y":-0.978809654712677,"z":-0.008587559685111046,"w":-0.20493344962596894},"size":7.360419750213623,"orthographic":false}