{"cameraMode":{"drawMode":0,"name":"Shaded","section":"Shading Mode"},"sceneLighting":false,"audioPlay":false,"sceneViewState":{"m_AlwaysRefresh":false,"showFog":true,"showSkybox":false,"showFlares":true,"showImageEffects":true,"showParticleSystems":true,"showVisualEffectGraphs":true,"m_FxEnabled":true},"in2DMode":false,"pivot":{"x":0.4705793857574463,"y":99.20674133300781,"z":3.2303237915039064},"rotation":{"x":0.26026010513305666,"y":-0.5037339329719544,"z":0.16338638961315156,"w":0.8075010776519775},"size":6.9878973960876469,"orthographic":false}